Appl No,Cont.Account,First Name,Last Name,Street,Street 3,Postl Code,Telephone,METER NUMBER,MOVE IN DATE,CCC NAME,CCC CODE
6000320719,600234394,"GM Bharatnet, BSNL,","WB, Kolkata",THE PRADHAN HERANANDAPUR GRAM PANCHAYET VILL DAKSIN NANDITOL,THE GENERAL MANAGER BHARAT NET WEST BENG,732203,6294241768,,,MANIKCHAK CCC,6611101
6000320727,600234401,"GM Bharatnet, BSNL,","WB, Kolkata",THE PRADHAN DAKSHIN CHANDIPUR GRAM PANCHAYET VILL DAKSHIN CH,THE GENERAL MANAGER BHARAT NET WEST BENG,732203,9775549295,IL0031236,31.08.2026,MANIKCHAK CCC,6611101
6000320749,600234423,"GM Bharatnet, BSNL,","WB, Kolkata",THE PRADHAN UTTAR CHANDIPUR GRAM PANCHAYET VILL UTTAR CHANDI,THE GENERAL MANAGER BHARAT NET WEST BENG,732203,9775549295,IL0031235,31.08.2026,MANIKCHAK CCC,6611101
6000320751,600234425,"GM Bharatnet, BSNL,","WB, Kolkata",THE PRADHAN MANIKCHAK GRAM PANCHAYET VILL SYAMSUNDARI PO MAN,THE GENERAL MANAGER BHARAT NET WEST BENG,732202,6294241768,IL0031231,24.08.2026,MANIKCHAK CCC,6611101
6000320755,600234429,"GM Bharatnet, BSNL,","WB, Kolkata",THE PRADHAN DHARAMPUR GRAM PANCHAYET VILL NEW KADAMTALA PO R,THE GENERAL MANAGER BHARAT NET WEST BENG,732202,6294241768,,,MANIKCHAK CCC,6611101
6000320767,600234442,"GM Bharatnet, BSNL,","WB, Kolkata",THE PRADHAN GOPALPUR GRAM PANCHAYET VILL KALITOLA PO SOHABAT,THE GENERAL MANAGER BHARAT NET WEST BENG,732209,9775549295,IL0031234,27.08.2026,MANIKCHAK CCC,6611101
6000320718,600234393,"GM Bharatnet, BSNL,","WB, Kolkata",THE PRADHAN DAULATNAGAR GRAM PANCHAYET VILL DAULATNAGAR PO D,THE GENERAL MANAGER BHARAT NET WEST BENG,732125,6294241768,,,BHALUKA CCC,6612101
6000320721,600234396,"GM Bharatnet, BSNL,","WB, Kolkata",THE PRADHAN MASALDAHA GRAM PANCHAYET VILL KARIALI PO KARIALI,THE GENERAL MANAGER BHARAT NET WEST BENG,732125,9635709144,,,BHALUKA CCC,6612101
6000320734,600234408,"GM Bharatnet, BSNL,","WB, Kolkata",THE PRADHAN MALIOR II VILL KHARAGRAM PO TALASHUR PS HARISHCH,THE GENERAL MANAGER BHARAT NET WEST BENG,732125,9635709144,,,BHALUKA CCC,6612101
6000320738,600234412,"GM Bharatnet, BSNL,","WB, Kolkata",THE PRADHAN MAHANANDA TOLA GRAM PANCHAYET VILL NOBOGRAM NAKK,THE GENERAL MANAGER BHARAT NET WEST BENG,732125,9635709144,,,BHALUKA CCC,6612101
6000320742,600234416,"GM Bharatnet, BSNL,","WB, Kolkata",THE PRADHAN BHALUKA VILL BHALUKA BAZAR PO BHALUKA BAZAR PS H,THE GENERAL MANAGER BHARAT NET WEST BENG,732125,9635709144,,,BHALUKA CCC,6612101
6000320744,600234418,"GM Bharatnet, BSNL,","WB, Kolkata",THE PRADHAN MALIOR I GRAM PANCHAYET VILL MALIOR PO MALIOR PS,THE GENERAL MANAGER BHARAT NET WEST BENG,732125,9635709144,,,BHALUKA CCC,6612101
6000320759,600234434,"GM Bharatnet, BSNL,","WB, Kolkata",THE PRADHAN DAULATPUR GRAM PANCHAYET VILL DAULATPUR PO DAULA,THE GENERAL MANAGER BHARAT NET WEST BENG,732125,9635709144,,,BHALUKA CCC,6612101
6000320760,600234435,"GM Bharatnet, BSNL,","WB, Kolkata",THE PRADHAN BILAIMARI GRAM PANCHAYET VILL DWARAK TOLA PO MAN,THE GENERAL MANAGER BHARAT NET WEST BENG,732125,6294241768,,,BHALUKA CCC,6612101
6000320724,600234399,"GM Bharatnet, BSNL,","WB, Kolkata",THE PRADHAN RATUA GRAM PANCHAYET VILL RUKUNDIPUR PO RATUA PS,THE GENERAL MANAGER BHARAT NET WEST BENG,732205,6294241768,,,SAMSI CCC,6612102
6000320729,600234403,"GM Bharatnet, BSNL,","WB, Kolkata",THE PRADHAN DEBIPUR GRAM PANCHAYET VILL DEBIPUR PO DEBIPUR P,THE GENERAL MANAGER BHARAT NET WEST BENG,732205,6294241768,,,SAMSI CCC,6612102
6000320748,600234422,"GM Bharatnet, BSNL,","WB, Kolkata",THE PRADHAN BAHARAL GRAM PANCHAYET VILL BAHARAL PO BAHARAL P,THE GENERAL MANAGER BHARAT NET WEST BENG,732205,6294241768,,,SAMSI CCC,6612102
6000320762,600234437,"GM Bharatnet, BSNL,","WB, Kolkata",THE PRADHAN KAHALA GRAM PANCHAYET VILL KAHALA PO KAHALA PS R,THE GENERAL MANAGER BHARAT NET WEST BENG,732205,6294241768,,,SAMSI CCC,6612102
6000320728,600234402,"GM Bharatnet, BSNL,","WB, Kolkata",THE PRADHAN SAMBALPUR GRAM PANCHAYAT VILL PO SAMBALPUR RATUA,THE GENERAL MANAGER BHARAT NET WEST BENG,732102,9734160801,IL0052566,07.09.2026,PARANPUR CCC,6612103
6000320730,600234404,"GM Bharatnet, BSNL,","WB, Kolkata",THE PRADHAN ARAIDANGA GRAM PANCHAYET VILL GOBARJANNA PO ARAI,THE GENERAL MANAGER BHARAT NET WEST BENG,732204,9734160801,IL0052440,04.09.2026,PARANPUR CCC,6612103
6000320739,600234413,"GM Bharatnet, BSNL,","WB, Kolkata",THE PRADHAN PORANPUR GRAM PANCHAYET VILL MIRJATPUR PO MIRJAT,THE GENERAL MANAGER BHARAT NET WEST BENG,732102,9734160801,IL0052439,03.09.2026,PARANPUR CCC,6612103
6000320752,600234426,"GM Bharatnet, BSNL,","WB, Kolkata",THE PRADHAN SHRIPIR II VILL KUMARGANJ PO KUMARGANJ PS PUKHUR,THE GENERAL MANAGER BHARAT NET WEST BENG,732102,9734160801,,,PARANPUR CCC,6612103
6000320754,600234428,"GM Bharatnet, BSNL,","WB, Kolkata",THE PRADHAN PUKHURIYA GRAM PANCHAYET VILL PO PUKHURIYA PS PU,THE GENERAL MANAGER BHARAT NET WEST BENG,732102,9734160801,IL0052567,03.09.2026,PARANPUR CCC,6612103
6000320763,600234438,"GM Bharatnet, BSNL,","WB, Kolkata",THE PRADHAN PIRGANJ GRAM PANCHAYET VILL PIRGANJ PO PIRGANJ P,THE GENERAL MANAGER BHARAT NET WEST BENG,732102,9734160801,IL0052569,04.09.2026,PARANPUR CCC,6612103
6000320768,600234443,"GM Bharatnet, BSNL,","WB, Kolkata",THE PRADHAN CHANCHAL GRAM PANCHAYET VILL CHANCHAL PO CHANCHA,THE GENERAL MANAGER BHARAT NET WEST BENG,732123,8101161572,IL0052436,04.09.2026,CHANCHAL CCC,6612104
6000320735,600234409,"GM Bharatnet, BSNL,","WB, Kolkata",THE PRADHAN DHANGARA BISHANPUR GRAM PANCHAYET VILL DHANGERA,THE GENERAL MANAGER BHARAT NET WEST BENG,732125,8101161572,,,MALATIPUR CCC,6612105
6000320761,600234436,"GM Bharatnet, BSNL,","WB, Kolkata",THE PRADHAN MALITIPUR GRAM PANCHAYET VILL QASIMPARA PO MALIT,THE GENERAL MANAGER BHARAT NET WEST BENG,732123,8101161572,,,MALATIPUR CCC,6612105
6000320732,600234406,"GM Bharatnet, BSNL,","WB, Kolkata",THE PRADHAN HARISHCHANDRAPUR GRAM PANCHAYET VILL HARISHCHAND,THE GENERAL MANAGER BHARAT NET WEST BENG,732125,9635709144,,,HARISHCHANDRAPUR CCC,6612106
6000320733,600234407,"GM Bharatnet, BSNL,","WB, Kolkata",THE PRADHAN SULTAN NAGAR GRAM PANCHAYET VILL BARDUARY PO BAR,THE GENERAL MANAGER BHARAT NET WEST BENG,732125,9635709144,,,HARISHCHANDRAPUR CCC,6612106
6000320756,600234431,"GM Bharatnet, BSNL,","WB, Kolkata",THE PRADHAN SADLICHOK GRAM PANCHAYET VILL SADLICHOK PO NEW S,THE GENERAL MANAGER BHARAT NET WEST BENG,732125,9635709144,,,HARISHCHANDRAPUR CCC,6612106
6000320758,600234433,"GM Bharatnet, BSNL,","WB, Kolkata",THE PRADHAN MAHENDRAPUR GRAM PANCHAYET VILL BHABANIPUR PO BA,THE GENERAL MANAGER BHARAT NET WEST BENG,732140,9635709144,,,HARISHCHANDRAPUR CCC,6612106
6000320766,600234441,"GM Bharatnet, BSNL,","WB, Kolkata",THE PRADHAN TULSIHATA GRAM PANCHAYET VILL TULSIHATA PO TULSI,THE GENERAL MANAGER BHARAT NET WEST BENG,732140,9635709144,,,HARISHCHANDRAPUR CCC,6612106
6000320720,600234395,"GM Bharatnet, BSNL,","WB, Kolkata",THE PRADHAN JAGDALA GRAM PANCHAYET VILL KASHIMPUR PO ASRAMPU,THE GENERAL MANAGER BHARAT NET WEST BENG,732138,9933616557,,,BAMONGOLA CCC,6613104
6000320726,600234400,"GM Bharatnet, BSNL,","WB, Kolkata",THE PRADHAN BAMONGOLA GRAM PANCHAYET VILL PAIKPARA PO JAMTAL,THE GENERAL MANAGER BHARAT NET WEST BENG,732138,9933616557,,,BAMONGOLA CCC,6613104
6000320741,600234415,"GM Bharatnet, BSNL,","WB, Kolkata",THE PRADHAN GOBINDAPUR MAHESPUR VILL GANGAPRASAD COLONY PO M,THE GENERAL MANAGER BHARAT NET WEST BENG,732138,9933616557,,,BAMONGOLA CCC,6613104
6000320746,600234420,"GM Bharatnet, BSNL,","WB, Kolkata",THE PRADHAN PAKUAHAT GRAM PANCHAYET VILL SALALPUR PO PAKUAHA,THE GENERAL MANAGER BHARAT NET WEST BENG,732138,9933616557,,,BAMONGOLA CCC,6613104
6000320750,600234424,"GM Bharatnet, BSNL,","WB, Kolkata",THE PRADHAN CHANDPUR GRAM PANCHAYET VILL DIHATTI PO JAGDALA,THE GENERAL MANAGER BHARAT NET WEST BENG,732138,9933616557,,,BAMONGOLA CCC,6613104
6000320717,600234392,"GM Bharatnet, BSNL,","WB, Kolkata",THE PRADHAN ITAHAR GRAM PANCHAYAT PO ITAHAR,THE GENERAL MANAGER BHARAT NET WEST BENG,733128,9475250957,,,ITAHAR CCC,6621101
6000320740,600234414,"GM Bharatnet, BSNL,","WB, Kolkata",THE PRADHAN KAPASIA GRAM PANCHAYAT PO KAPASIA,THE GENERAL MANAGER BHARAT NET WEST BENG,733128,9475250957,,,ITAHAR CCC,6621101
6000320765,600234440,"GM Bharatnet, BSNL,","WB, Kolkata",THE PRADHAN GULANDAR-II GRAM PANCHAYAT BHABANIPUR PO GULANDA,THE GENERAL MANAGER BHARAT NET WEST BENG,733128,9475250957,,,ITAHAR CCC,6621101
6000320722,600234397,"GM Bharatnet, BSNL,","WB, Kolkata",THE PRADHAN KARANDIGHI II GRAM PANCHAYAT PO KARANDIGHI,THE GENERAL MANAGER BHARAT NET WEST BENG,733215,7029088617,,,KARANDIGHI CCC,6621106
6000320745,600234419,"GM Bharatnet, BSNL,","WB, Kolkata",THE PRADHAN ALTAPUR II GRAM PANCHAYAT PO ALTAPUR,THE GENERAL MANAGER BHARAT NET WEST BENG,733215,7029088617,,,KARANDIGHI CCC,6621106
6000320753,600234427,"GM Bharatnet, BSNL,","WB, Kolkata",THE PRADHAN ALTAPUR I GRAM PANCHAYAT KISMAT ALTAPUR PO ALTAP,THE GENERAL MANAGER BHARAT NET WEST BENG,733215,7029088617,,,KARANDIGHI CCC,6621106
6000320757,600234432,"GM Bharatnet, BSNL,","WB, Kolkata",THE PRADHAN LAHUTARA I GRAM PANCHAYAT PO SABDHAN,THE GENERAL MANAGER BHARAT NET WEST BENG,733215,7029088617,IL0078090,11.08.2026,KARANDIGHI CCC,6621106
6000320716,600234391,"GM Bharatnet, BSNL,","WB, Kolkata",THE PRADHAN LODHAN GRAM PANCHAYAT PO GOALPOKHER,THE GENERAL MANAGER BHARAT NET WEST BENG,733210,9168771114,IL0078088,11.08.2026,GOALPOKHER CCC,6622104
6000320731,600234405,"GM Bharatnet, BSNL,","WB, Kolkata",THE PRADHAN JAINGAON GRAM PANCHAYAT MAROLTALI PO GOALPOKHOR,THE GENERAL MANAGER BHARAT NET WEST BENG,733210,9168771114,IL0078089,11.08.2026,GOALPOKHER CCC,6622104
6000320743,600234417,"GM Bharatnet, BSNL,","WB, Kolkata",THE PRADHAN SAHAPUR II GRAM PANCHAYAT GOALPOKHAR I BLOCK PO,THE GENERAL MANAGER BHARAT NET WEST BENG,733210,9168771114,IL0078081,11.08.2026,GOALPOKHER CCC,6622104
6000320723,600234398,"GM Bharatnet, BSNL,","WB, Kolkata",THE PRADHAN UDAYPUR GRAM PANCHAYAT PUTAHARI PO MAHIPAL,THE GENERAL MANAGER BHARAT NET WEST BENG,733132,9775465264,,,KUSMANDI CCC,6632102
6000320736,600234410,"GM Bharatnet, BSNL,","WB, Kolkata",THE PRADHAN KUSHMANDI GRAM PANCHAYAT PO KUSHMANDI,THE GENERAL MANAGER BHARAT NET WEST BENG,733132,9775465264,,,KUSMANDI CCC,6632102
6000320737,600234411,"GM Bharatnet, BSNL,","WB, Kolkata",THE PRADHAN KARANJI GRAM PANCHAYAT PO KARANJI,THE GENERAL MANAGER BHARAT NET WEST BENG,733132,9775465264,,,KUSMANDI CCC,6632102
6000320747,600234421,"GM Bharatnet, BSNL,","WB, Kolkata",THE PRADHAN AKCHA GRAM PANCHAYAT GHATSA PO KUSHMANDI,THE GENERAL MANAGER BHARAT NET WEST BENG,733132,9775465264,,,KUSMANDI CCC,6632102
6000320764,600234439,"GM Bharatnet, BSNL,","WB, Kolkata",THE PRADHAN KALIKAMORA GRAM PANCHAYAT PO AMINPUR,THE GENERAL MANAGER BHARAT NET WEST BENG,733132,9775465264,,,KUSMANDI CCC,6632102